{"cameraMode":{"drawMode":0,"name":"Shaded","section":"Shading Mode"},"sceneLighting":false,"audioPlay":false,"sceneViewState":{"showFog":true,"showMaterialUpdate":false,"showSkybox":false,"showFlares":true,"showImageEffects":true,"showParticleSystems":true},"in2DMode":false,"pivot":{"x":-0.002081744372844696,"y":0.03138665854930878,"z":0.01684972643852234},"rotation":{"x":-0.0011854206677526236,"y":0.0973411500453949,"z":0.00010992363968398422,"w":0.9952566027641296},"size":0.47623980045318606,"orthographic":false}