{"cameraMode":{"drawMode":0,"name":"Shaded","section":"Shading Mode"},"sceneLighting":false,"audioPlay":false,"sceneViewState":{"showFog":true,"showMaterialUpdate":false,"showSkybox":false,"showFlares":true,"showImageEffects":true,"showParticleSystems":true},"in2DMode":false,"pivot":{"x":0.10852605849504471,"y":-0.010905038565397263,"z":-0.015866786241531373},"rotation":{"x":0.01980794221162796,"y":0.005993672180920839,"z":-0.0001246088504558429,"w":0.9997916221618652},"size":0.4871252775192261,"orthographic":false}